id,name,artist_name,duration,audio,audiodownload,file_path,genres,shareurl,album_id,album_name,album_image,artist_id,position,license_ccurl,stats_rate_downloads_total,stats_rate_listened_total,stats_playlisted,stats_favorited,stats_likes,stats_dislikes,stats_avgnote,stats_notes
1215788,We'll Light The Sky,Lyonn,168,https://prod-1.storage.jamendo.com/?trackid=1215788&format=mp31&from=18BNIsrZdymOgEihgISSzA%3D%3D%7CFrk7dz%2FShP7BJhsD%2FQ719Q%3D%3D,https://prod-1.storage.jamendo.com/download/track/1215788/mp31/,jamendo_data/001_Lyonn-We'll_Light_The_Sky.mp3,"pop,dreampop",https://www.jamendo.com/track/1215788,145856,We'll Light The Sky,https://usercontent.jamendo.com?type=album&id=145856&width=300&trackid=1215788,440873,2,http://creativecommons.org/licenses/by-nd/3.0/,1466658,4061548,2109,1353,11,2,8,2
623192,Set Me Free,Chasing Eidolon,337,https://prod-1.storage.jamendo.com/?trackid=623192&format=mp31&from=nQhkneV0YQFcLeaTV9r7lw%3D%3D%7ChLaDctIyKjMwDqzkgxSQ9Q%3D%3D,https://prod-1.storage.jamendo.com/download/track/623192/mp31/,jamendo_data/002_Chasing_Eidolon-Set_Me_Free.mp3,"pop,rock",https://www.jamendo.com/track/623192,72189,Chasing Eidolon,https://usercontent.jamendo.com?type=album&id=72189&width=300&trackid=623192,361898,4,http://creativecommons.org/licenses/by-nc-nd/3.0/,1371568,3543454,838,482,73,1,7.6364,11
1267288,Everything is good,ADDICT SOUND,262,https://prod-1.storage.jamendo.com/?trackid=1267288&format=mp31&from=Gzr3xFFb5bP9%2F9fQo0qZmQ%3D%3D%7CDUDf92YJGz6wS06Zl2AlpQ%3D%3D,https://prod-1.storage.jamendo.com/download/track/1267288/mp31/,jamendo_data/003_ADDICT_SOUND-Everything_is_good.mp3,"pop,corporate",https://www.jamendo.com/track/1267288,151447,Everything is good,https://usercontent.jamendo.com?type=album&id=151447&width=300&trackid=1267288,451073,4,http://creativecommons.org/licenses/by-nc-nd/3.0/,505871,769216,603,336,4,0,0,0
435886,i never do what you want  ,Lar Clobsay,298,https://prod-1.storage.jamendo.com/?trackid=435886&format=mp31&from=YOBP%2BLAt1P6mD6sooPB%2FLg%3D%3D%7Cfdm4MN1H98PBm%2Bcpf7zvgw%3D%3D,https://prod-1.storage.jamendo.com/download/track/435886/mp31/,jamendo_data/004_Lar_Clobsay-i_never_do_what_you_want__.mp3,pop,https://www.jamendo.com/track/435886,52815,I never do what you want ,https://usercontent.jamendo.com?type=album&id=52815&width=300&trackid=435886,349911,1,http://creativecommons.org/licenses/by-nc-sa/3.0/,507019,3127874,156,44,10,0,8,2
1087794,Positive Emotions,StereoResonance,175,https://prod-1.storage.jamendo.com/?trackid=1087794&format=mp31&from=dEOyDSeP8UicacdvkHiiIg%3D%3D%7CaV8735a1iXm38S9clZJJwA%3D%3D,https://prod-1.storage.jamendo.com/download/track/1087794/mp31/,jamendo_data/005_StereoResonance-Positive_Emotions.mp3,"pop,corporate,electronic",https://www.jamendo.com/track/1087794,129678,Positive Emotions,https://usercontent.jamendo.com?type=album&id=129678&width=300&trackid=1087794,431036,1,http://creativecommons.org/licenses/by-nc-nd/3.0/,167399,718931,2089,762,15,0,8.6667,6
1093792,Day Free,JekK,197,https://prod-1.storage.jamendo.com/?trackid=1093792&format=mp31&from=wAcYNQs2k50rUUdtYOvu1A%3D%3D%7C79AVWCHqSTfTEQ19umK9fw%3D%3D,https://prod-1.storage.jamendo.com/download/track/1093792/mp31/,jamendo_data/006_JekK-Day_Free.mp3,"pop,dubstep,electronic",https://www.jamendo.com/track/1093792,130370,One Day,https://usercontent.jamendo.com?type=album&id=130370&width=300&trackid=1093792,440692,3,http://creativecommons.org/licenses/by-nc-nd/3.0/,848559,3553505,1360,799,168,7,8.1429,7
1451281,Spring Evening,Serge Quadrado,155,https://prod-1.storage.jamendo.com/?trackid=1451281&format=mp31&from=LAbH6XFrESz5QJ%2FpHv5QJA%3D%3D%7Ch8TN%2FGTWwiC0Dk1fYNNvFA%3D%3D,https://prod-1.storage.jamendo.com/download/track/1451281/mp31/,jamendo_data/007_Serge_Quadrado-Spring_Evening.mp3,"pop,folk",https://www.jamendo.com/track/1451281,408356,Spring Evening,https://usercontent.jamendo.com?type=album&id=408356&width=300&trackid=1451281,457603,1,http://creativecommons.org/licenses/by-nc/3.0/,17044,133666,27,13,0,0,0,0
1076489,Bright Future (loop),Akashic Records,181,https://prod-1.storage.jamendo.com/?trackid=1076489&format=mp31&from=NjxiVz6YmY%2F9PSKxV%2FY8aQ%3D%3D%7CNm%2BQSlsw4yH8HYIh%2B3G35A%3D%3D,https://prod-1.storage.jamendo.com/download/track/1076489/mp31/,jamendo_data/008_Akashic_Records-Bright_Future_(loop).mp3,"pop,folk,loop",https://www.jamendo.com/track/1076489,128219,Bright Future (happy acoustic pop rock),https://usercontent.jamendo.com?type=album&id=128219&width=300&trackid=1076489,375935,1,http://creativecommons.org/licenses/by-nc-nd/3.0/,57873,181244,670,282,16,0,10,1
1507067,For a Song,Big Infinite,200,https://prod-1.storage.jamendo.com/?trackid=1507067&format=mp31&from=3hZUNUzkdwmK9XiZ6my5DQ%3D%3D%7CIs8V45nvIuYFAb0gEQY5uQ%3D%3D,https://prod-1.storage.jamendo.com/download/track/1507067/mp31/,jamendo_data/009_Big_Infinite-For_a_Song.mp3,"pop,singersongwriter",https://www.jamendo.com/track/1507067,220858,For a Song,https://usercontent.jamendo.com?type=album&id=220858&width=300&trackid=1507067,505750,1,http://creativecommons.org/licenses/by/3.0/,49384,474642,75,38,0,0,8,1
1193995,Uplifting,StereoResonance,119,https://prod-1.storage.jamendo.com/?trackid=1193995&format=mp31&from=eEHZ1sXDmpY3hW0XQ0arUA%3D%3D%7CWXn%2FnErXGh%2BUMqngHT1EAw%3D%3D,https://prod-1.storage.jamendo.com/download/track/1193995/mp31/,jamendo_data/010_StereoResonance-Uplifting.mp3,"pop,corporate",https://www.jamendo.com/track/1193995,143701,StereoResonance #2,https://usercontent.jamendo.com?type=album&id=143701&width=300&trackid=1193995,431036,7,http://creativecommons.org/licenses/by-nc-nd/3.0/,90462,509693,767,333,4,0,7.6,5
2018028,Production beat (commercial soundscape),Olezhka MUSIC,125,https://prod-1.storage.jamendo.com/?trackid=2018028&format=mp31&from=qMk655L84LHe7vaqhZq9qw%3D%3D%7CpDaC4zpQI4c%2FsknTw2zuFA%3D%3D,https://prod-1.storage.jamendo.com/download/track/2018028/mp31/,jamendo_data/011_Olezhka_MUSIC-Production_beat_(commercial_soundscape).mp3,pop,https://www.jamendo.com/track/2018028,515613,Production beat (commercial soundscape),https://usercontent.jamendo.com?type=album&id=515613&width=300&trackid=2018028,489220,1,http://creativecommons.org/licenses/by-nc/3.0/,187,1049,1,0,0,0,0,0
2061190,Lazy Keys,Lonely Image,119,https://prod-1.storage.jamendo.com/?trackid=2061190&format=mp31&from=Bc%2Fmcz0vgEFh7wcP3OI4Fw%3D%3D%7C4D7H5PEm2%2B6v%2B814tZMRkg%3D%3D,https://prod-1.storage.jamendo.com/download/track/2061190/mp31/,jamendo_data/012_Lonely_Image-Lazy_Keys.mp3,"pop,synthpop",https://www.jamendo.com/track/2061190,530735,Lazy Keys,https://usercontent.jamendo.com?type=album&id=530735&width=300&trackid=2061190,480890,1,http://creativecommons.org/licenses/by-nc-nd/3.0/,268,1331,0,0,0,0,4,1
1071005,Start Again,Backnbloom,205,https://prod-1.storage.jamendo.com/?trackid=1071005&format=mp31&from=w0UscvnEcUiTwcPr%2B9dZow%3D%3D%7CcgDpfScXZaX3Mczd3NUErA%3D%3D,https://prod-1.storage.jamendo.com/download/track/1071005/mp31/,jamendo_data/013_Backnbloom-Start_Again.mp3,pop,https://www.jamendo.com/track/1071005,126867,Music for the Modern Monkey,https://usercontent.jamendo.com?type=album&id=126867&width=300&trackid=1071005,438400,2,http://creativecommons.org/licenses/by-sa/3.0/,54129,477277,123,52,12,2,7.3333,3
1045016,Don't Lose Your Way,Olga Zhilkova,206,https://prod-1.storage.jamendo.com/?trackid=1045016&format=mp31&from=HeHg2uWyIk80%2FlT7xOAw8g%3D%3D%7C%2BD%2Fp1WoyIuAWrzhM9YYdbA%3D%3D,https://prod-1.storage.jamendo.com/download/track/1045016/mp31/,jamendo_data/014_Olga_Zhilkova-Don't_Lose_Your_Way.mp3,pop,https://www.jamendo.com/track/1045016,123064,Don't Lose Your Way,https://usercontent.jamendo.com?type=album&id=123064&width=300&trackid=1045016,365810,1,http://creativecommons.org/licenses/by-sa/3.0/,319384,1732879,223,110,33,5,8.75,4
1953763,Insomnia,Vince van Soth,230,https://prod-1.storage.jamendo.com/?trackid=1953763&format=mp31&from=b5kCZYaLU54FlKPsV2548g%3D%3D%7CzsoEkQxrMZbGWX3SSmiOuQ%3D%3D,https://prod-1.storage.jamendo.com/download/track/1953763/mp31/,jamendo_data/015_Vince_van_Soth-Insomnia.mp3,pop,https://www.jamendo.com/track/1953763,486817,Musica para el alma,https://usercontent.jamendo.com?type=album&id=486817&width=300&trackid=1953763,510311,6,http://creativecommons.org/licenses/by-nc-nd/3.0/,2247,2935,2,0,0,0,0,0
502931,City,Mezzamo,189,https://prod-1.storage.jamendo.com/?trackid=502931&format=mp31&from=v%2B%2Fm10BptupnmqsxOeB1zw%3D%3D%7CDQCnyAuBR2dQ9e1hOh6S6w%3D%3D,https://prod-1.storage.jamendo.com/download/track/502931/mp31/,jamendo_data/016_Mezzamo-City.mp3,pop,https://www.jamendo.com/track/502931,58888,Aloneluna,https://usercontent.jamendo.com?type=album&id=58888&width=300&trackid=502931,349902,9,http://creativecommons.org/licenses/by-nc-nd/3.0/,9060,292374,76,36,0,0,8,2
398185,Let's Keep Looking,Jason Silver,218,https://prod-1.storage.jamendo.com/?trackid=398185&format=mp31&from=m5kK7MNYffMknZ2iRtX9iw%3D%3D%7C%2B0BOHhGC2z7c88fNv9etdA%3D%3D,https://prod-1.storage.jamendo.com/download/track/398185/mp31/,jamendo_data/017_Jason_Silver-Let's_Keep_Looking.mp3,"pop,singersongwriter",https://www.jamendo.com/track/398185,49769,12 Girlfriends,https://usercontent.jamendo.com?type=album&id=49769&width=300&trackid=398185,352428,1,http://creativecommons.org/licenses/by-sa/3.0/,73993,1010330,169,55,2,0,8,3
2018126,Bright Asian Style Pop Hard Loop,Thesieryj,42,https://prod-1.storage.jamendo.com/?trackid=2018126&format=mp31&from=KeLzk9AWBDQ2pJtN3yi2SA%3D%3D%7CtQy%2F04Fu8mgnIMdGCH7pEQ%3D%3D,,,"pop,loop,production",https://www.jamendo.com/track/2018126,515681,Bright Asian Style Pop Hard Loop,https://usercontent.jamendo.com?type=album&id=515681&width=300&trackid=2018126,532535,1,http://creativecommons.org/licenses/by-nc-nd/3.0/,23,664,2,0,0,0,0,0
266101,Rainy Favors,Antoniocamel,136,https://prod-1.storage.jamendo.com/?trackid=266101&format=mp31&from=1Fcx8j0AFFSSr1ZC7OEq2A%3D%3D%7Cj6wvfM9OhTMI9HiliokXhQ%3D%3D,https://prod-1.storage.jamendo.com/download/track/266101/mp31/,jamendo_data/019_Antoniocamel-Rainy_Favors.mp3,"pop,ambient",https://www.jamendo.com/track/266101,37891,Bullicio,https://usercontent.jamendo.com?type=album&id=37891&width=300&trackid=266101,339831,4,http://creativecommons.org/licenses/by-nc-nd/2.5/es/,6716,9292,4,0,0,0,2,2
1108662,N°1,Bane Djakovic,132,https://prod-1.storage.jamendo.com/?trackid=1108662&format=mp31&from=9tSqFz3VMlBcv%2BuullT9Rg%3D%3D%7CqGVUr3S0An4M98XK%2F4Wiig%3D%3D,https://prod-1.storage.jamendo.com/download/track/1108662/mp31/,jamendo_data/020_Bane_Djakovic-N°1.mp3,"pop,rock",https://www.jamendo.com/track/1108662,132433,N°1,https://usercontent.jamendo.com?type=album&id=132433&width=300&trackid=1108662,429137,1,http://creativecommons.org/licenses/by/3.0/,4363,17438,1,0,1,0,0,0
1436458,Own Toy Store (logo),Serge Ozeryan,21,https://prod-1.storage.jamendo.com/?trackid=1436458&format=mp31&from=2vyeQKy6zwMH74guE%2FemEQ%3D%3D%7Ca4IuycVkgF3Z7kj0hFC9zA%3D%3D,https://prod-1.storage.jamendo.com/download/track/1436458/mp31/,jamendo_data/021_Serge_Ozeryan-Own_Toy_Store_(logo).mp3,"pop,logo,filmscore",https://www.jamendo.com/track/1436458,381589,Own Toy Store (logo),https://usercontent.jamendo.com?type=album&id=381589&width=300&trackid=1436458,452945,1,http://creativecommons.org/licenses/by-nc-nd/3.0/,11657,29521,2,0,0,0,0,0
1998840,West Coast,Suzy E,162,https://prod-1.storage.jamendo.com/?trackid=1998840&format=mp31&from=uNJxTENzdsLDhLn2K3%2Bp5w%3D%3D%7C%2B2rQS9TtQjMPP7h7uh84cw%3D%3D,,,pop,https://www.jamendo.com/track/1998840,508498,Catchy Syngers - Part 17,https://usercontent.jamendo.com?type=album&id=508498&width=300&trackid=1998840,543065,13,http://creativecommons.org/licenses/by-nc-nd/3.0/,0,1322,2,0,0,0,0,0
866945,Happy Boy,Mezzamo,224,https://prod-1.storage.jamendo.com/?trackid=866945&format=mp31&from=kN%2FB6fCkzTj8Xsk0ksfycw%3D%3D%7CU1cQfEk4G1EB5BfxCM89Zw%3D%3D,https://prod-1.storage.jamendo.com/download/track/866945/mp31/,jamendo_data/023_Mezzamo-Happy_Boy.mp3,pop,https://www.jamendo.com/track/866945,101625,Souvenir,https://usercontent.jamendo.com?type=album&id=101625&width=300&trackid=866945,349902,3,http://creativecommons.org/licenses/by-nc-sa/3.0/,57658,1001271,70,22,0,1,8.6667,3
1017514,Ready Set Stay,Grace Kelly,178,https://prod-1.storage.jamendo.com/?trackid=1017514&format=mp31&from=sEmtg38u125cEWQThpPc9Q%3D%3D%7CWhmAz5wpEWsKnMTKYhuRhg%3D%3D,https://prod-1.storage.jamendo.com/download/track/1017514/mp31/,jamendo_data/024_Grace_Kelly-Ready_Set_Stay.mp3,pop,https://www.jamendo.com/track/1017514,119818,Live At Scullers,https://usercontent.jamendo.com?type=album&id=119818&width=300&trackid=1017514,432105,5,http://creativecommons.org/licenses/by-nc-nd/3.0/,497936,2028255,854,492,68,5,9.0714,14
2029668,Свет (Reprise version),J.O.R.B.I,212,https://prod-1.storage.jamendo.com/?trackid=2029668&format=mp31&from=c6jExaWHj6bgv%2BxPtGw8Gw%3D%3D%7CMd7bSX%2BL%2B3gNmVPjzckhbA%3D%3D,https://prod-1.storage.jamendo.com/download/track/2029668/mp31/,jamendo_data/025_J.O.R.B.I-Свет_(Reprise_version).mp3,pop,https://www.jamendo.com/track/2029668,520142,Свет (Single 2023),https://usercontent.jamendo.com?type=album&id=520142&width=300&trackid=2029668,489133,1,http://creativecommons.org/licenses/by-nc-nd/3.0/,354,1038,0,0,0,0,4,1
1534150,Fashion Calm Logo,AlexZavesa,13,https://prod-1.storage.jamendo.com/?trackid=1534150&format=mp31&from=VqAUMrW5lVTV7Xfny0CE5A%3D%3D%7C1ZOKg5q47WbhakooXNV0WQ%3D%3D,https://prod-1.storage.jamendo.com/download/track/1534150/mp31/,jamendo_data/026_AlexZavesa-Fashion_Calm_Logo.mp3,"pop,logo",https://www.jamendo.com/track/1534150,420552,Fashion Calm Logo,https://usercontent.jamendo.com?type=album&id=420552&width=300&trackid=1534150,486413,1,http://creativecommons.org/licenses/by-nc-sa/3.0/,7241,16237,12,2,0,0,0,0
1576475,Не говори прощай,Вадим Спирихин,204,https://prod-1.storage.jamendo.com/?trackid=1576475&format=mp31&from=qMJTu9QSFlzXjvDZ6BcJpQ%3D%3D%7C71yAAVzYXEI8QOfOJNGZCg%3D%3D,https://prod-1.storage.jamendo.com/download/track/1576475/mp31/,jamendo_data/027_Вадим_Спирихин-Не_говори_прощай.mp3,pop,https://www.jamendo.com/track/1576475,179359,"Там,где кончается небо",https://usercontent.jamendo.com?type=album&id=179359&width=300&trackid=1576475,494084,4,http://creativecommons.org/licenses/by-nc-nd/3.0/,2176,9795,2,0,0,0,4,1
174040,Suerte,Antoniocamel,175,https://prod-1.storage.jamendo.com/?trackid=174040&format=mp31&from=JTlWFe3YiYPRsoeGRpEcKg%3D%3D%7CcYAMoREX0SR%2FritAaqkgZw%3D%3D,https://prod-1.storage.jamendo.com/download/track/174040/mp31/,jamendo_data/028_Antoniocamel-Suerte.mp3,"pop,ambient",https://www.jamendo.com/track/174040,25712,CONSTELACION,https://usercontent.jamendo.com?type=album&id=25712&width=300&trackid=174040,339831,5,http://creativecommons.org/licenses/by-nc-nd/3.0/,19019,20445,6,2,0,0,0,1
2179547,Don&#039;t You Forget (Radio Edit),This Light,256,https://prod-1.storage.jamendo.com/?trackid=2179547&format=mp31&from=Xnkdc8ix7G30Ejds%2FmBQfQ%3D%3D%7CWhByYCQiUleCb3B%2B%2BvVWWg%3D%3D,https://prod-1.storage.jamendo.com/download/track/2179547/mp31/,jamendo_data/029_This_Light-Don&#039;t_You_Forget_(Radio_Edit).mp3,pop,https://www.jamendo.com/track/2179547,570131,Don&#039;t You Forget (Radio Edit),https://usercontent.jamendo.com?type=album&id=570131&width=300&trackid=2179547,568115,1,http://creativecommons.org/licenses/by-nc-nd/3.0/,38,680,0,0,0,0,6,1
2015990,Role a Dois Instrumental,Ed Napoli,180,https://prod-1.storage.jamendo.com/?trackid=2015990&format=mp31&from=0T8%2FHItl5zqRCiISUBVpAQ%3D%3D%7Crci6oAyy2uw8jCOyzlg8fQ%3D%3D,,,pop,https://www.jamendo.com/track/2015990,514946,Role a Dois Instrumental,https://usercontent.jamendo.com?type=album&id=514946&width=300&trackid=2015990,475085,1,http://creativecommons.org/licenses/by-nc-nd/3.0/,0,756,2,0,0,0,0,0
1508790,Sueño Hipnótico,Miguel Angel Albentosa Bó (MaaBo),207,https://prod-1.storage.jamendo.com/?trackid=1508790&format=mp31&from=8mfDKaimwcYjze0ch5hjVg%3D%3D%7Ch3OgcM8Q8PsstdV0hf3a1w%3D%3D,https://prod-1.storage.jamendo.com/download/track/1508790/mp31/,jamendo_data/031_Miguel_Angel_Albentosa_Bó_(MaaBo)-Sueño_Hipnótico.mp3,"pop,newage",https://www.jamendo.com/track/1508790,415235,Sueño Hipnótico,https://usercontent.jamendo.com?type=album&id=415235&width=300&trackid=1508790,486442,1,http://creativecommons.org/licenses/by-nc-nd/3.0/,6208,12187,7,3,0,0,0,0
1998895,Bright Corporate Pop Loop 2,Thesieryj,15,https://prod-1.storage.jamendo.com/?trackid=1998895&format=mp31&from=dCbr82orhh6neQpV1GcYeg%3D%3D%7CdaoQoMaeLII7W8qoGs6DaQ%3D%3D,,,pop,https://www.jamendo.com/track/1998895,508519,Bright Corporate Pop Loop 2,https://usercontent.jamendo.com?type=album&id=508519&width=300&trackid=1998895,532535,1,http://creativecommons.org/licenses/by-nc-nd/3.0/,4,895,2,0,0,0,0,0
97744,REIN - 01 - EST,Rein,245,https://prod-1.storage.jamendo.com/?trackid=97744&format=mp31&from=YO6L8rGz%2BvWZf8oKpZbNdA%3D%3D%7CiK9SbIw%2Be7xmzLI%2BEVLJ0g%3D%3D,https://prod-1.storage.jamendo.com/download/track/97744/mp31/,jamendo_data/033_Rein-REIN_-_01_-_EST.mp3,pop,https://www.jamendo.com/track/97744,10104,EST!,https://usercontent.jamendo.com?type=album&id=10104&width=300&trackid=97744,336855,1,http://creativecommons.org/licenses/by-nc-nd/2.5/it/,5219,44782,476,256,0,0,0,0
1578949,В этом всё дело,Вадим Спирихин,255,https://prod-1.storage.jamendo.com/?trackid=1578949&format=mp31&from=MKhDDzYTvGkJS4AET5cOvg%3D%3D%7C5ALHwUv%2FodGUpE9OQ1vf5w%3D%3D,https://prod-1.storage.jamendo.com/download/track/1578949/mp31/,jamendo_data/034_Вадим_Спирихин-В_этом_всё_дело.mp3,pop,https://www.jamendo.com/track/1578949,179583,Как молчит струна,https://usercontent.jamendo.com?type=album&id=179583&width=300&trackid=1578949,494084,12,http://creativecommons.org/licenses/by-nc-nd/3.0/,2446,134508,1,0,0,0,4,1
1533953,Inspiring Documentary,Avalon Audio,139,https://prod-1.storage.jamendo.com/?trackid=1533953&format=mp31&from=GkwQdsFt1g0u%2BO81ufaO8A%3D%3D%7CzS30ki%2FPIMPYkYwGT%2Bgypw%3D%3D,https://prod-1.storage.jamendo.com/download/track/1533953/mp31/,jamendo_data/035_Avalon_Audio-Inspiring_Documentary.mp3,"pop,ambient",https://www.jamendo.com/track/1533953,296300,Inspiring Documentary,https://usercontent.jamendo.com?type=album&id=296300&width=300&trackid=1533953,501720,1,http://creativecommons.org/licenses/by-nc-nd/3.0/,7247,21035,9,5,0,0,0,0
181605,La rupture,Löhstana David,193,https://prod-1.storage.jamendo.com/?trackid=181605&format=mp31&from=6CeiSLcH2oDGZJWQH8Y4Vw%3D%3D%7ChoRBidGj8Kvkgli3nx3VvA%3D%3D,https://prod-1.storage.jamendo.com/download/track/181605/mp31/,jamendo_data/036_Löhstana_David-La_rupture.mp3,pop,https://www.jamendo.com/track/181605,27215,Le Moins Pire (avant la suite),https://usercontent.jamendo.com?type=album&id=27215&width=300&trackid=181605,7805,5,http://creativecommons.org/licenses/by-nc-nd/3.0/,2033,23551,450,276,0,0,8,2
1084494,ANI - TERYAIU TEBYA,Ani,225,https://prod-1.storage.jamendo.com/?trackid=1084494&format=mp31&from=B4CDQUKX5Q%2FysNB9VWcR7Q%3D%3D%7Ce3GgZM4%2Fb%2Fb9Y7hmavq81Q%3D%3D,https://prod-1.storage.jamendo.com/download/track/1084494/mp31/,jamendo_data/037_Ani-ANI_-_TERYAIU_TEBYA.mp3,pop,https://www.jamendo.com/track/1084494,129185,CLOSER,https://usercontent.jamendo.com?type=album&id=129185&width=300&trackid=1084494,439734,1,http://creativecommons.org/licenses/by-sa/3.0/,102822,412994,265,138,54,10,8.25,4
306467,Stranger in the wind,Corvus,291,https://prod-1.storage.jamendo.com/?trackid=306467&format=mp31&from=cjJCrTBYDVoxUrbUphkY7A%3D%3D%7COXD5MyPJTaSWy3e6XOLuIg%3D%3D,https://prod-1.storage.jamendo.com/download/track/306467/mp31/,jamendo_data/038_Corvus-Stranger_in_the_wind.mp3,pop,https://www.jamendo.com/track/306467,41640,Beyond imagination,https://usercontent.jamendo.com?type=album&id=41640&width=300&trackid=306467,347808,6,http://creativecommons.org/licenses/by-sa/2.0/fr/,423,1382,71,48,0,0,0,0
1578960,Музыка свеч,Вадим Спирихин,217,https://prod-1.storage.jamendo.com/?trackid=1578960&format=mp31&from=zSgHM0zP2%2FDgoLawJrMFSg%3D%3D%7C3usrgAeLSWXRjf2tEYplqg%3D%3D,https://prod-1.storage.jamendo.com/download/track/1578960/mp31/,jamendo_data/039_Вадим_Спирихин-Музыка_свеч.mp3,pop,https://www.jamendo.com/track/1578960,179583,Как молчит струна,https://usercontent.jamendo.com?type=album&id=179583&width=300&trackid=1578960,494084,7,http://creativecommons.org/licenses/by-nc-nd/3.0/,2325,35951,1,0,0,0,4,1
306463,Fairytales,Corvus,233,https://prod-1.storage.jamendo.com/?trackid=306463&format=mp31&from=qMBedReFNCqNbL%2FHd%2FOxrg%3D%3D%7CHBVKNB5xeAgxOm3765vjlg%3D%3D,https://prod-1.storage.jamendo.com/download/track/306463/mp31/,jamendo_data/040_Corvus-Fairytales.mp3,pop,https://www.jamendo.com/track/306463,41640,Beyond imagination,https://usercontent.jamendo.com?type=album&id=41640&width=300&trackid=306463,347808,3,http://creativecommons.org/licenses/by-sa/2.0/fr/,366,3840,71,48,0,0,0,0
174035,Santa Marta,Antoniocamel,166,https://prod-1.storage.jamendo.com/?trackid=174035&format=mp31&from=80ThjT3mSmnIUpPwkFj2uA%3D%3D%7CFw73vlj1BSI5rWIXrw2JNA%3D%3D,https://prod-1.storage.jamendo.com/download/track/174035/mp31/,jamendo_data/041_Antoniocamel-Santa_Marta.mp3,"pop,ambient",https://www.jamendo.com/track/174035,25712,CONSTELACION,https://usercontent.jamendo.com?type=album&id=25712&width=300&trackid=174035,339831,4,http://creativecommons.org/licenses/by-nc-nd/3.0/,12208,13115,6,3,0,0,0,1
698596,La mia avventura,Dani Alba,235,https://prod-1.storage.jamendo.com/?trackid=698596&format=mp31&from=QmyRUyVVsNmaXLnfLs81fQ%3D%3D%7CmdTuRZ10ww4qWA0rziJDqQ%3D%3D,https://prod-1.storage.jamendo.com/download/track/698596/mp31/,jamendo_data/042_Dani_Alba-La_mia_avventura.mp3,pop,https://www.jamendo.com/track/698596,81713,Tabù di Samba,https://usercontent.jamendo.com?type=album&id=81713&width=300&trackid=698596,365317,8,http://creativecommons.org/licenses/by-nd/2.5/it/,2243,30136,19,5,0,0,8,2
366975,Antes de que Amanezca,Elena Tovar,196,https://prod-1.storage.jamendo.com/?trackid=366975&format=mp31&from=S%2Bcm0v7rXwk8BG%2BNgLVVEA%3D%3D%7Cfu1Mgxpr2g2wfPBZFbulkA%3D%3D,https://prod-1.storage.jamendo.com/download/track/366975/mp31/,jamendo_data/043_Elena_Tovar-Antes_de_que_Amanezca.mp3,pop,https://www.jamendo.com/track/366975,47388,Mar Adentro,https://usercontent.jamendo.com?type=album&id=47388&width=300&trackid=366975,351322,1,http://creativecommons.org/licenses/by-nc-nd/3.0/,6817,26347,56,31,0,0,0,0
1578950,Все мосты сожжены,Вадим Спирихин,291,https://prod-1.storage.jamendo.com/?trackid=1578950&format=mp31&from=%2B3z6bRbPCDDlOqdviR%2B0bg%3D%3D%7CZtMcpA40GTWV3HOt8%2Fy34w%3D%3D,https://prod-1.storage.jamendo.com/download/track/1578950/mp31/,jamendo_data/044_Вадим_Спирихин-Все_мосты_сожжены.mp3,pop,https://www.jamendo.com/track/1578950,179583,Как молчит струна,https://usercontent.jamendo.com?type=album&id=179583&width=300&trackid=1578950,494084,11,http://creativecommons.org/licenses/by-nc-nd/3.0/,4369,77913,1,0,0,0,4,1
295901,Gula,Antoniocamel,200,https://prod-1.storage.jamendo.com/?trackid=295901&format=mp31&from=E%2B6mFZG17u7E8CjKikWHIw%3D%3D%7ClI%2BVU%2BWnU8WTDW9yBOrnZQ%3D%3D,https://prod-1.storage.jamendo.com/download/track/295901/mp31/,jamendo_data/045_Antoniocamel-Gula.mp3,"pop,ambient",https://www.jamendo.com/track/295901,40665,Seven,https://usercontent.jamendo.com?type=album&id=40665&width=300&trackid=295901,339831,4,http://creativecommons.org/licenses/by-nc-nd/2.5/es/,8149,13995,7,3,0,0,2,2
1576405,Икар,Вадим Спирихин,232,https://prod-1.storage.jamendo.com/?trackid=1576405&format=mp31&from=f29quZWaI7wNTseWNu8TDg%3D%3D%7CeEqosH9uCUdfoeWtVk1w8w%3D%3D,https://prod-1.storage.jamendo.com/download/track/1576405/mp31/,jamendo_data/046_Вадим_Спирихин-Икар.mp3,pop,https://www.jamendo.com/track/1576405,179359,"Там,где кончается небо",https://usercontent.jamendo.com?type=album&id=179359&width=300&trackid=1576405,494084,3,http://creativecommons.org/licenses/by-nc-nd/3.0/,2971,11568,2,0,0,0,4,1
188466,al atardecer,Antoniocamel,221,https://prod-1.storage.jamendo.com/?trackid=188466&format=mp31&from=%2FtMR%2FF0fGZ%2BzwXBuahoiqg%3D%3D%7C159jbQpeSSFbCTytp5Zzdw%3D%3D,https://prod-1.storage.jamendo.com/download/track/188466/mp31/,jamendo_data/047_Antoniocamel-al_atardecer.mp3,"pop,ambient",https://www.jamendo.com/track/188466,28224,SEGUNDOS,https://usercontent.jamendo.com?type=album&id=28224&width=300&trackid=188466,339831,2,http://creativecommons.org/licenses/by-nc-nd/3.0/,16623,31040,7,2,0,0,2,2
689544,Unfaithful To You,14ice_music,231,https://prod-1.storage.jamendo.com/?trackid=689544&format=mp31&from=PlK2JjZJ3wO73PpzZe%2Fb0A%3D%3D%7CqAeBFTdxIJH9GhSngG6V%2FQ%3D%3D,https://prod-1.storage.jamendo.com/download/track/689544/mp31/,jamendo_data/048_14ice_music-Unfaithful_To_You.mp3,pop,https://www.jamendo.com/track/689544,80306,I Don't Care,https://usercontent.jamendo.com?type=album&id=80306&width=300&trackid=689544,354307,2,http://creativecommons.org/licenses/by-nc-nd/3.0/,69891,645311,228,103,1,1,7.3333,3
1578948,Дерево в поле,Вадим Спирихин,309,https://prod-1.storage.jamendo.com/?trackid=1578948&format=mp31&from=7D%2FZZSl5vZ%2BCEecuCHrq8g%3D%3D%7CK52qBdOXe4c09tyBou3CxA%3D%3D,https://prod-1.storage.jamendo.com/download/track/1578948/mp31/,jamendo_data/049_Вадим_Спирихин-Дерево_в_поле.mp3,pop,https://www.jamendo.com/track/1578948,179583,Как молчит струна,https://usercontent.jamendo.com?type=album&id=179583&width=300&trackid=1578948,494084,13,http://creativecommons.org/licenses/by-nc-nd/3.0/,123,285,0,0,0,0,4,1
3380,Générique 1,Religionnaire,130,https://prod-1.storage.jamendo.com/?trackid=3380&format=mp31&from=h0LWCkMQ%2FxxAhcYwk%2FgqZQ%3D%3D%7CjpAXOVD5W0KyH9k9d3suBA%3D%3D,https://prod-1.storage.jamendo.com/download/track/3380/mp31/,jamendo_data/050_Religionnaire-Générique_1.mp3,"pop,electronic",https://www.jamendo.com/track/3380,528,Religionnaire III : Terre à Taire,https://usercontent.jamendo.com?type=album&id=528&width=300&trackid=3380,159,1,http://creativecommons.org/licenses/by-nc-nd/2.0/fr/,1184,11360,44,20,0,0,0,1
295900,Envidia,Antoniocamel,117,https://prod-1.storage.jamendo.com/?trackid=295900&format=mp31&from=HGaIfU2l8hquHiXy54hTHA%3D%3D%7Cpv%2FR6pC9YojqycghsTWmHg%3D%3D,https://prod-1.storage.jamendo.com/download/track/295900/mp31/,jamendo_data/051_Antoniocamel-Envidia.mp3,"pop,ambient",https://www.jamendo.com/track/295900,40665,Seven,https://usercontent.jamendo.com?type=album&id=40665&width=300&trackid=295900,339831,3,http://creativecommons.org/licenses/by-nc-nd/2.5/es/,9983,55666,8,3,1,0,2,2
2125026,BASXHKZIR - Meant To Be,BASXHKZIR,121,https://prod-1.storage.jamendo.com/?trackid=2125026&format=mp31&from=luua7HGousdinJMAh3cr2A%3D%3D%7CSC4O0XsWrug3CfwDPiNHYg%3D%3D,https://prod-1.storage.jamendo.com/download/track/2125026/mp31/,jamendo_data/052_BASXHKZIR-BASXHKZIR_-_Meant_To_Be.mp3,pop,https://www.jamendo.com/track/2125026,544802,Deep House Soul (2024),https://usercontent.jamendo.com?type=album&id=544802&width=300&trackid=2125026,558124,18,http://creativecommons.org/licenses/by-nc-nd/3.0/,416,3623,7,5,0,0,6,1
1331229,Un monde en couleurs (ft. Dj Quality) (Instrumentale),Evy,179,https://prod-1.storage.jamendo.com/?trackid=1331229&format=mp31&from=WF8fdzBMO7PLpYvqNjPS1g%3D%3D%7CubWb1GIncfLfLmka4rkwMw%3D%3D,https://prod-1.storage.jamendo.com/download/track/1331229/mp31/,jamendo_data/053_Evy-Un_monde_en_couleurs_(ft._Dj_Quality)_(Instrumentale).mp3,pop,https://www.jamendo.com/track/1331229,157472,Un monde en couleurs,https://usercontent.jamendo.com?type=album&id=157472&width=300&trackid=1331229,488341,4,http://creativecommons.org/licenses/by-sa/3.0/,10849,13769,1,0,0,0,0,0
1086780,Nobody Is Here,14ice_music,257,https://prod-1.storage.jamendo.com/?trackid=1086780&format=mp31&from=CkJ9xZRXCL9e5I%2Fdw9AMMg%3D%3D%7C3pOrArMCjJWocj5IVdglYw%3D%3D,https://prod-1.storage.jamendo.com/download/track/1086780/mp31/,jamendo_data/054_14ice_music-Nobody_Is_Here.mp3,pop,https://www.jamendo.com/track/1086780,,,,354307,1,http://creativecommons.org/licenses/by-nc-nd/3.0/,73288,613548,334,187,48,2,8.5,2
1578962,Осень,Вадим Спирихин,300,https://prod-1.storage.jamendo.com/?trackid=1578962&format=mp31&from=S9X5Cv0cEeE4SoHZoXCrBg%3D%3D%7CHyTBGyZHWSXtM4ua8u9Rqg%3D%3D,https://prod-1.storage.jamendo.com/download/track/1578962/mp31/,jamendo_data/055_Вадим_Спирихин-Осень.mp3,pop,https://www.jamendo.com/track/1578962,179583,Как молчит струна,https://usercontent.jamendo.com?type=album&id=179583&width=300&trackid=1578962,494084,6,http://creativecommons.org/licenses/by-nc-nd/3.0/,2174,9621,1,0,0,0,4,1
194736,CC Asia Band - CABACA - 40 Let It CC,CC Asia Band,37,https://prod-1.storage.jamendo.com/?trackid=194736&format=mp31&from=139DtMabRkgYxeFkvaDOIw%3D%3D%7CjKzAZaMLuoCcrk%2Bak%2B8Ysg%3D%3D,https://prod-1.storage.jamendo.com/download/track/194736/mp31/,jamendo_data/056_CC_Asia_Band-CC_Asia_Band_-_CABACA_-_40_Let_It_CC.mp3,"pop,rock",https://www.jamendo.com/track/194736,29081,CABACA-5,https://usercontent.jamendo.com?type=album&id=29081&width=300&trackid=194736,340779,9,http://creativecommons.org/licenses/by-nc-sa/2.5/tw/,2371,5023,3,2,0,0,0,0
2150502,Sound of victory (confident repetitive beat),Olezhka MUSIC,71,https://prod-1.storage.jamendo.com/?trackid=2150502&format=mp31&from=1pnwjbMu%2BFlgJspDng2M%2Bg%3D%3D%7CQ9NZ5bPi1O8R9veFRMPYmw%3D%3D,https://prod-1.storage.jamendo.com/download/track/2150502/mp31/,jamendo_data/057_Olezhka_MUSIC-Sound_of_victory_(confident_repetitive_beat).mp3,"pop,trap",https://www.jamendo.com/track/2150502,558357,Sound of victory (confident repetitive beat),https://usercontent.jamendo.com?type=album&id=558357&width=300&trackid=2150502,489220,1,http://creativecommons.org/licenses/by-nc/3.0/,75,1054,1,1,0,0,4,1
306462,Highway to the wild,Corvus,249,https://prod-1.storage.jamendo.com/?trackid=306462&format=mp31&from=Pj1eqqOUyHgwU7RG1NjUGg%3D%3D%7Cy6czxWR9GWFcTS2Kum1RjQ%3D%3D,https://prod-1.storage.jamendo.com/download/track/306462/mp31/,jamendo_data/058_Corvus-Highway_to_the_wild.mp3,pop,https://www.jamendo.com/track/306462,41640,Beyond imagination,https://usercontent.jamendo.com?type=album&id=41640&width=300&trackid=306462,347808,9,http://creativecommons.org/licenses/by-sa/2.0/fr/,476,1744,70,48,0,0,0,0
77420,Malbak After Sex,Ogg Vorbis,141,https://prod-1.storage.jamendo.com/?trackid=77420&format=mp31&from=uPutvQ5wECP0xp0oTjuSCg%3D%3D%7Cfz40EdRGT9QV3DkaaRX9Wg%3D%3D,https://prod-1.storage.jamendo.com/download/track/77420/mp31/,jamendo_data/059_Ogg_Vorbis-Malbak_After_Sex.mp3,"pop,blues",https://www.jamendo.com/track/77420,6980,Electromenager,https://usercontent.jamendo.com?type=album&id=6980&width=300&trackid=77420,958,3,http://creativecommons.org/licenses/by-nc-sa/3.0/,9475,54510,181,95,1,0,0,0
1339225,Wrong Planet,Hugo Jugy,203,https://prod-1.storage.jamendo.com/?trackid=1339225&format=mp31&from=O1%2BqPj3laHUwiHCp0q10Sg%3D%3D%7C342mfMoi2wZnoMYvbrDavw%3D%3D,https://prod-1.storage.jamendo.com/download/track/1339225/mp31/,jamendo_data/060_Hugo_Jugy-Wrong_Planet.mp3,"pop,rock",https://www.jamendo.com/track/1339225,157155,Brain Sucks!,https://usercontent.jamendo.com?type=album&id=157155&width=300&trackid=1339225,484181,8,http://creativecommons.org/licenses/by-nc-nd/3.0/,1924,1319,1,1,0,0,0,0
5488,Out Of Sight,Daniele Torelli,302,https://prod-1.storage.jamendo.com/?trackid=5488&format=mp31&from=PhBRy6AmsQ%2FGdAQ3LSgUMA%3D%3D%7CrSfguwdhvQQpE7NRbygDRg%3D%3D,https://prod-1.storage.jamendo.com/download/track/5488/mp31/,jamendo_data/061_Daniele_Torelli-Out_Of_Sight.mp3,"pop,electronic,experimental",https://www.jamendo.com/track/5488,856,Without the People,https://usercontent.jamendo.com?type=album&id=856&width=300&trackid=5488,439,1,http://creativecommons.org/licenses/by-sa/2.5/,3174,11930,230,212,0,0,0,0
1122331,Barro,JALL BLANC,210,https://prod-1.storage.jamendo.com/?trackid=1122331&format=mp31&from=agiYbA2X4DX%2F11ldfed9gg%3D%3D%7CzUKv6HAhHn3ouEDTHCuZWw%3D%3D,https://prod-1.storage.jamendo.com/download/track/1122331/mp31/,jamendo_data/062_JALL_BLANC-Barro.mp3,"pop,rock",https://www.jamendo.com/track/1122331,134128,Couleur Pop Rock,https://usercontent.jamendo.com?type=album&id=134128&width=300&trackid=1122331,443630,5,http://creativecommons.org/licenses/by-nc-sa/3.0/,7601,22779,3,1,1,0,0,0
1576497,Одиночество,Вадим Спирихин,282,https://prod-1.storage.jamendo.com/?trackid=1576497&format=mp31&from=BrVIjZLh5NxlFd8JGEZ3hw%3D%3D%7C%2BLxVAb%2FN1krOD6sHkVbnLQ%3D%3D,https://prod-1.storage.jamendo.com/download/track/1576497/mp31/,jamendo_data/063_Вадим_Спирихин-Одиночество.mp3,pop,https://www.jamendo.com/track/1576497,179359,"Там,где кончается небо",https://usercontent.jamendo.com?type=album&id=179359&width=300&trackid=1576497,494084,12,http://creativecommons.org/licenses/by-nc-nd/3.0/,2364,37653,2,0,0,0,4,1
222373,Dama Eterna,Antoniocamel,161,https://prod-1.storage.jamendo.com/?trackid=222373&format=mp31&from=XUql44iVCssYZfThufUCWQ%3D%3D%7CEOHx9gap072RAHzYYn17gg%3D%3D,https://prod-1.storage.jamendo.com/download/track/222373/mp31/,jamendo_data/064_Antoniocamel-Dama_Eterna.mp3,"pop,ambient",https://www.jamendo.com/track/222373,32750,TUGUEDER,https://usercontent.jamendo.com?type=album&id=32750&width=300&trackid=222373,339831,4,http://creativecommons.org/licenses/by-nc-nd/3.0/,9341,67858,9,4,0,0,2,2
1009672,Fireballs,Fresh Body Shop,147,https://prod-1.storage.jamendo.com/?trackid=1009672&format=mp31&from=y7GPXeAxlZrQtmwm6mrfHA%3D%3D%7C2Hbd%2F3cVE2sVFP33xyRmPw%3D%3D,https://prod-1.storage.jamendo.com/download/track/1009672/mp31/,jamendo_data/065_Fresh_Body_Shop-Fireballs.mp3,"pop,electronic",https://www.jamendo.com/track/1009672,118858,Wizard,https://usercontent.jamendo.com?type=album&id=118858&width=300&trackid=1009672,7063,2,http://creativecommons.org/licenses/by-nc-nd/3.0/,14453,1231165,134,44,4,0,8,2
1576404,Вне закона,Вадим Спирихин,250,https://prod-1.storage.jamendo.com/?trackid=1576404&format=mp31&from=5uYnXojK5G1c0aJeQ1uPmw%3D%3D%7CDy%2F%2BV1RkMlAXn9yRWcaUfQ%3D%3D,https://prod-1.storage.jamendo.com/download/track/1576404/mp31/,jamendo_data/066_Вадим_Спирихин-Вне_закона.mp3,pop,https://www.jamendo.com/track/1576404,179359,"Там,где кончается небо",https://usercontent.jamendo.com?type=album&id=179359&width=300&trackid=1576404,494084,2,http://creativecommons.org/licenses/by-nc-nd/3.0/,3084,12915,2,0,0,0,4,1
1884689,Laguna Bar (Short Version),Stereoalex,84,https://prod-1.storage.jamendo.com/?trackid=1884689&format=mp31&from=BKQxN7iFzfSw2vaufii9IQ%3D%3D%7CjSii2X%2BuKcF%2ByN7v2pS%2FSw%3D%3D,,,pop,https://www.jamendo.com/track/1884689,456506,Laguna Bar,https://usercontent.jamendo.com?type=album&id=456506&width=300&trackid=1884689,496802,2,http://creativecommons.org/licenses/by-nc-nd/3.0/,0,49849,0,0,0,0,8,2
1576493,Бронзовый туман (марш неудачников),Вадим Спирихин,312,https://prod-1.storage.jamendo.com/?trackid=1576493&format=mp31&from=O399dRsnjZy1lvdj8HZ9og%3D%3D%7CQ2akaQeQxAhk%2FCXMJPS%2Fjg%3D%3D,https://prod-1.storage.jamendo.com/download/track/1576493/mp31/,jamendo_data/068_Вадим_Спирихин-Бронзовый_туман_(марш_неудачников).mp3,pop,https://www.jamendo.com/track/1576493,179359,"Там,где кончается небо",https://usercontent.jamendo.com?type=album&id=179359&width=300&trackid=1576493,494084,8,http://creativecommons.org/licenses/by-nc-nd/3.0/,2676,36307,2,0,0,0,4,1
1576496,Меж двух дождей,Вадим Спирихин,304,https://prod-1.storage.jamendo.com/?trackid=1576496&format=mp31&from=MeZAS5ckX6CLxccaJs1PLA%3D%3D%7CmCPGHClL2llEedASQ4YH6Q%3D%3D,https://prod-1.storage.jamendo.com/download/track/1576496/mp31/,jamendo_data/069_Вадим_Спирихин-Меж_двух_дождей.mp3,pop,https://www.jamendo.com/track/1576496,179359,"Там,где кончается небо",https://usercontent.jamendo.com?type=album&id=179359&width=300&trackid=1576496,494084,11,http://creativecommons.org/licenses/by-nc-nd/3.0/,2784,74886,2,0,0,0,4,1
698693,Trip,Dani Alba,240,https://prod-1.storage.jamendo.com/?trackid=698693&format=mp31&from=RxTj9PdHhEtAF4giSQK4wQ%3D%3D%7CHVyIeJY%2F1QH23x47J%2BRcvw%3D%3D,https://prod-1.storage.jamendo.com/download/track/698693/mp31/,jamendo_data/070_Dani_Alba-Trip.mp3,pop,https://www.jamendo.com/track/698693,81713,Tabù di Samba,https://usercontent.jamendo.com?type=album&id=81713&width=300&trackid=698693,365317,7,http://creativecommons.org/licenses/by-nd/2.5/it/,2238,35091,19,6,0,0,8,2
801459,Lorelei,On returning,394,https://prod-1.storage.jamendo.com/?trackid=801459&format=mp31&from=Q99r4FBPG7RhKKpzDP%2FItg%3D%3D%7ChRkWMk2Rs%2F19Z9GaMa8X2w%3D%3D,https://prod-1.storage.jamendo.com/download/track/801459/mp31/,jamendo_data/071_On_returning-Lorelei.mp3,"pop,rock",https://www.jamendo.com/track/801459,93814,Dresses &amp; dreams,https://usercontent.jamendo.com?type=album&id=93814&width=300&trackid=801459,347916,5,http://creativecommons.org/licenses/by-nc-nd/3.0/,1078,4225,73,33,1,0,0,0
174033,Extraña,Antoniocamel,132,https://prod-1.storage.jamendo.com/?trackid=174033&format=mp31&from=772jBNxOgyzy9cq2FU%2FfPg%3D%3D%7CaGW1H2N19YKmpTqMiqvwow%3D%3D,https://prod-1.storage.jamendo.com/download/track/174033/mp31/,jamendo_data/072_Antoniocamel-Extraña.mp3,"pop,ambient",https://www.jamendo.com/track/174033,25712,CONSTELACION,https://usercontent.jamendo.com?type=album&id=25712&width=300&trackid=174033,339831,3,http://creativecommons.org/licenses/by-nc-nd/3.0/,12505,3255,6,2,1,0,0,1
2166896,Tell Me Why,Axl &amp; Arth,240,https://prod-1.storage.jamendo.com/?trackid=2166896&format=mp31&from=xf%2BctIRC6lQjEaWnsLKwWw%3D%3D%7Cza5ZcuSMsxabbF2IArm1fg%3D%3D,https://prod-1.storage.jamendo.com/download/track/2166896/mp31/,jamendo_data/073_Axl_&amp;_Arth-Tell_Me_Why.mp3,"pop,dance",https://www.jamendo.com/track/2166896,564903,Tell Me Why,https://usercontent.jamendo.com?type=album&id=564903&width=300&trackid=2166896,483598,1,http://creativecommons.org/licenses/by-nc-nd/3.0/,11185,179949,170,114,0,0,8,1
101559,In 2222,Doune,400,https://prod-1.storage.jamendo.com/?trackid=101559&format=mp31&from=nglbEQ2vKAvIuNrd34WK9w%3D%3D%7CVPRVvrQ%2BZU1DCUVS6Ck6Kw%3D%3D,https://prod-1.storage.jamendo.com/download/track/101559/mp31/,jamendo_data/074_Doune-In_2222.mp3,pop,https://www.jamendo.com/track/101559,11362,Sweet SuperHero,https://usercontent.jamendo.com?type=album&id=11362&width=300&trackid=101559,337016,2,http://creativecommons.org/licenses/by-sa/3.0/,7504,16571,34,20,2,2,0,0
295904,Soberbia,Antoniocamel,117,https://prod-1.storage.jamendo.com/?trackid=295904&format=mp31&from=EPf3m8375jsqLG9RihkTIA%3D%3D%7CyPzmL%2Fqw1FyrNQR%2Bbk2qKg%3D%3D,https://prod-1.storage.jamendo.com/download/track/295904/mp31/,jamendo_data/075_Antoniocamel-Soberbia.mp3,"pop,ambient",https://www.jamendo.com/track/295904,40665,Seven,https://usercontent.jamendo.com?type=album&id=40665&width=300&trackid=295904,339831,7,http://creativecommons.org/licenses/by-nc-nd/2.5/es/,7542,11287,6,2,0,0,2,2
1576399,Желание,Вадим Спирихин,269,https://prod-1.storage.jamendo.com/?trackid=1576399&format=mp31&from=qbI5muX0XImbUkCM5Cw3eA%3D%3D%7C%2FBMYzOPBx9B%2F3bJ3UE5bLw%3D%3D,https://prod-1.storage.jamendo.com/download/track/1576399/mp31/,jamendo_data/076_Вадим_Спирихин-Желание.mp3,pop,https://www.jamendo.com/track/1576399,179359,"Там,где кончается небо",https://usercontent.jamendo.com?type=album&id=179359&width=300&trackid=1576399,494084,1,http://creativecommons.org/licenses/by-nc-nd/3.0/,2290,52823,2,0,0,0,4,1
177825,Brillante ,Antoniocamel,209,https://prod-1.storage.jamendo.com/?trackid=177825&format=mp31&from=9AjJrlP2YYfc74fGR04swA%3D%3D%7ClKAo6n9DfHai%2FPNgdX1r0Q%3D%3D,https://prod-1.storage.jamendo.com/download/track/177825/mp31/,jamendo_data/077_Antoniocamel-Brillante_.mp3,"pop,ambient",https://www.jamendo.com/track/177825,26306,FLASH,https://usercontent.jamendo.com?type=album&id=26306&width=300&trackid=177825,339831,5,http://creativecommons.org/licenses/by-nc-nd/3.0/,10677,10901,7,3,0,0,0,1
177669,Alba de Octubre,Antoniocamel,178,https://prod-1.storage.jamendo.com/?trackid=177669&format=mp31&from=5oCyKpttlf%2FeyRLeYdOv6g%3D%3D%7CHBk5ZzvoCBxO6AGehGaIPw%3D%3D,https://prod-1.storage.jamendo.com/download/track/177669/mp31/,jamendo_data/078_Antoniocamel-Alba_de_Octubre.mp3,"pop,ambient",https://www.jamendo.com/track/177669,26306,FLASH,https://usercontent.jamendo.com?type=album&id=26306&width=300&trackid=177669,339831,3,http://creativecommons.org/licenses/by-nc-nd/3.0/,9302,4366,6,3,0,0,0,1
26879,Leave this way,Camelot,293,https://prod-1.storage.jamendo.com/?trackid=26879&format=mp31&from=HskyDIx7hbdKgRCxjBTvGA%3D%3D%7CfDP19p0hWigORFu2MMMS2g%3D%3D,https://prod-1.storage.jamendo.com/download/track/26879/mp31/,jamendo_data/079_Camelot-Leave_this_way.mp3,pop,https://www.jamendo.com/track/26879,3681,Camelot,https://usercontent.jamendo.com?type=album&id=3681&width=300&trackid=26879,4018,5,http://creativecommons.org/licenses/by-nc-nd/2.5/,1737,4677,64,43,0,0,0,0
1513768,Soft Inspiring Corporate,AlexZavesa,129,https://prod-1.storage.jamendo.com/?trackid=1513768&format=mp31&from=Pn%2FNwFuY6zACSnvXBCzxHg%3D%3D%7Cc0QZvraeKX8AOluzlx65uQ%3D%3D,https://prod-1.storage.jamendo.com/download/track/1513768/mp31/,jamendo_data/080_AlexZavesa-Soft_Inspiring_Corporate.mp3,"pop,corporate",https://www.jamendo.com/track/1513768,417579,Soft Inspiring Corporate,https://usercontent.jamendo.com?type=album&id=417579&width=300&trackid=1513768,486413,1,http://creativecommons.org/licenses/by-nc-nd/3.0/,9349,34572,39,15,0,0,0,0
21324,LA PURGE,JAC,300,https://prod-1.storage.jamendo.com/?trackid=21324&format=mp31&from=VjoSQLHrvK1RJYmFJ%2FmMLg%3D%3D%7C6LfXy%2B70P5LNrigw7GcASg%3D%3D,https://prod-1.storage.jamendo.com/download/track/21324/mp31/,jamendo_data/081_JAC-LA_PURGE.mp3,"pop,rock,blues",https://www.jamendo.com/track/21324,2979,DOO NUTS,https://usercontent.jamendo.com?type=album&id=2979&width=300&trackid=21324,3004,4,http://creativecommons.org/licenses/by-nc-nd/2.0/be/,2482,3987,27,11,1,0,0,0
222375,Melancholy Winds,Antoniocamel,184,https://prod-1.storage.jamendo.com/?trackid=222375&format=mp31&from=k1cZXvbBesHLME1LP%2FXlUw%3D%3D%7CuU%2F9dXjqfqiKIe2HoAKtHg%3D%3D,https://prod-1.storage.jamendo.com/download/track/222375/mp31/,jamendo_data/082_Antoniocamel-Melancholy_Winds.mp3,"pop,ambient",https://www.jamendo.com/track/222375,32750,TUGUEDER,https://usercontent.jamendo.com?type=album&id=32750&width=300&trackid=222375,339831,5,http://creativecommons.org/licenses/by-nc-nd/3.0/,14990,33074,12,4,0,0,2,2
1884690,Laguna Bar,Stereoalex,188,https://prod-1.storage.jamendo.com/?trackid=1884690&format=mp31&from=ivuDtQRsTr8pDViDGDZHDg%3D%3D%7CKsCrj6zpbogsA8TGRZRrJg%3D%3D,,,"pop,chillout",https://www.jamendo.com/track/1884690,456506,Laguna Bar,https://usercontent.jamendo.com?type=album&id=456506&width=300&trackid=1884690,496802,5,http://creativecommons.org/licenses/by-nc-nd/3.0/,0,218891,1,1,0,0,8,2
891666,The Sting (C.Rizzo),Mistery,388,https://prod-1.storage.jamendo.com/?trackid=891666&format=mp31&from=gleeMqCoI4h3pYbYVvvaiQ%3D%3D%7CGdTOqpKSyEYjry2FXoke7Q%3D%3D,https://prod-1.storage.jamendo.com/download/track/891666/mp31/,jamendo_data/084_Mistery-The_Sting_(C.Rizzo).mp3,pop,https://www.jamendo.com/track/891666,104870,Without You,https://usercontent.jamendo.com?type=album&id=104870&width=300&trackid=891666,347881,4,http://creativecommons.org/licenses/by-nc-nd/3.0/,123455,1465842,76,29,3,0,7,2
1578956,Когда я был другим,Вадим Спирихин,234,https://prod-1.storage.jamendo.com/?trackid=1578956&format=mp31&from=2Y8Fd16Gx0x6sSNT2vlGqA%3D%3D%7CQBCTczyBU5KgapSyMoEfXg%3D%3D,https://prod-1.storage.jamendo.com/download/track/1578956/mp31/,jamendo_data/085_Вадим_Спирихин-Когда_я_был_другим.mp3,pop,https://www.jamendo.com/track/1578956,179583,Как молчит струна,https://usercontent.jamendo.com?type=album&id=179583&width=300&trackid=1578956,494084,9,http://creativecommons.org/licenses/by-nc-nd/3.0/,2561,103643,1,0,0,0,4,1
1544851,The Ambient,Infraction,189,https://prod-1.storage.jamendo.com/?trackid=1544851&format=mp31&from=oMfRHiCKSLJktGbd23s6Gw%3D%3D%7CBa0FIGd7dti6uiecnfMprw%3D%3D,https://prod-1.storage.jamendo.com/download/track/1544851/mp31/,jamendo_data/086_Infraction-The_Ambient.mp3,"pop,corporate",https://www.jamendo.com/track/1544851,407041,The Ambient,https://usercontent.jamendo.com?type=album&id=407041&width=300&trackid=1544851,462185,1,http://creativecommons.org/licenses/by-nc-sa/3.0/,5726,22021,31,9,0,0,0,0
1578963,Падает с неба,Вадим Спирихин,260,https://prod-1.storage.jamendo.com/?trackid=1578963&format=mp31&from=6MG6PyUlaedmRNdQXMo2zw%3D%3D%7CtLegdGzrcifaMSkg4fWKig%3D%3D,https://prod-1.storage.jamendo.com/download/track/1578963/mp31/,jamendo_data/087_Вадим_Спирихин-Падает_с_неба.mp3,pop,https://www.jamendo.com/track/1578963,179583,Как молчит струна,https://usercontent.jamendo.com?type=album&id=179583&width=300&trackid=1578963,494084,5,http://creativecommons.org/licenses/by-nc-nd/3.0/,2565,39106,1,0,0,0,4,1
11216,Beautiful Girl,Babypaul,204,https://prod-1.storage.jamendo.com/?trackid=11216&format=mp31&from=REW4OQ7vaacwpcBlK8zFag%3D%3D%7CrXnpOLBRrAHiTNKWYARcdQ%3D%3D,https://prod-1.storage.jamendo.com/download/track/11216/mp31/,jamendo_data/088_Babypaul-Beautiful_Girl.mp3,"pop,rock",https://www.jamendo.com/track/11216,1664,Moodswings,https://usercontent.jamendo.com?type=album&id=1664&width=300&trackid=11216,1690,2,http://creativecommons.org/licenses/by-sa/2.5/,344314,901862,688,361,10,1,8,2
321477,Breathing,Daniel Catarino,215,https://prod-1.storage.jamendo.com/?trackid=321477&format=mp31&from=aVG9zfHDPTbSBFIC6UVDSw%3D%3D%7CYxUQCyxwSJ99xBtf46WYRQ%3D%3D,https://prod-1.storage.jamendo.com/download/track/321477/mp31/,jamendo_data/089_Daniel_Catarino-Breathing.mp3,"pop,folk",https://www.jamendo.com/track/321477,43323,Acoustic Radio Session,https://usercontent.jamendo.com?type=album&id=43323&width=300&trackid=321477,340553,1,http://creativecommons.org/licenses/by-nc-nd/3.0/,5441,101749,208,106,8,1,8,2
1376804,My time,RBP_music,195,https://prod-1.storage.jamendo.com/?trackid=1376804&format=mp31&from=pfdwcU%2BMznHUxWvEGJrz2w%3D%3D%7CiMK3oLBXbmsyREvahiuYww%3D%3D,https://prod-1.storage.jamendo.com/download/track/1376804/mp31/,jamendo_data/090_RBP_music-My_time.mp3,"pop,poprock",https://www.jamendo.com/track/1376804,271235,My time,https://usercontent.jamendo.com?type=album&id=271235&width=300&trackid=1376804,493288,1,http://creativecommons.org/licenses/by-nc-nd/3.0/,5605,16020,17,5,0,0,0,0
1481068,Silence,German P.,56,https://prod-1.storage.jamendo.com/?trackid=1481068&format=mp31&from=QK0JD6sVEd1TRhh%2Bkcx7qg%3D%3D%7CYNXjbXSYj0GFK9IMgUDbaA%3D%3D,https://prod-1.storage.jamendo.com/download/track/1481068/mp31/,jamendo_data/091_German_P.-Silence.mp3,"pop,jazz,rock",https://www.jamendo.com/track/1481068,248696,Silence,https://usercontent.jamendo.com?type=album&id=248696&width=300&trackid=1481068,502655,1,http://creativecommons.org/licenses/by-nd/3.0/,5151,10971,2,1,0,0,4,1
1569150,I JUST DONT KNOW,Egor Budennyy,203,https://prod-1.storage.jamendo.com/?trackid=1569150&format=mp31&from=i7K1jAcAWwSbaRWJEgOGtQ%3D%3D%7C%2BKD%2B%2BfuW78HEUYMDht5XcA%3D%3D,https://prod-1.storage.jamendo.com/download/track/1569150/mp31/,jamendo_data/092_Egor_Budennyy-I_JUST_DONT_KNOW.mp3,pop,https://www.jamendo.com/track/1569150,266536,I JUST DONT KNOW,https://usercontent.jamendo.com?type=album&id=266536&width=300&trackid=1569150,510867,1,http://creativecommons.org/licenses/by/3.0/,15161,211714,30,25,0,0,6,1
1071007,King of the Radio,Backnbloom,236,https://prod-1.storage.jamendo.com/?trackid=1071007&format=mp31&from=sApqK%2FXncsvZK1OzSU5imw%3D%3D%7CfqdBzqUwCk0aAwpi7bMV9g%3D%3D,https://prod-1.storage.jamendo.com/download/track/1071007/mp31/,jamendo_data/093_Backnbloom-King_of_the_Radio.mp3,pop,https://www.jamendo.com/track/1071007,126867,Music for the Modern Monkey,https://usercontent.jamendo.com?type=album&id=126867&width=300&trackid=1071007,438400,8,http://creativecommons.org/licenses/by-sa/3.0/,50594,621095,113,45,4,2,4.6667,3
1413865,Sol y Luna,Miguel Angel Albentosa Bó (MaaBo),222,https://prod-1.storage.jamendo.com/?trackid=1413865&format=mp31&from=LT%2FYt1%2B2aiQ%2FXVt9T2DpJg%3D%3D%7CT3R788Q5LX4UjlH3tzGVdA%3D%3D,https://prod-1.storage.jamendo.com/download/track/1413865/mp31/,jamendo_data/094_Miguel_Angel_Albentosa_Bó_(MaaBo)-Sol_y_Luna.mp3,"pop,ambient",https://www.jamendo.com/track/1413865,396647,Sol y Luna,https://usercontent.jamendo.com?type=album&id=396647&width=300&trackid=1413865,486442,1,http://creativecommons.org/licenses/by-nc-nd/3.0/,26274,45236,3,1,0,0,0,0
173257,no estoy solo,Antoniocamel,93,https://prod-1.storage.jamendo.com/?trackid=173257&format=mp31&from=dcltDXUdN3xvKTAz1YClXA%3D%3D%7ChzkBe341ZZ0TiilnCcDIUQ%3D%3D,https://prod-1.storage.jamendo.com/download/track/173257/mp31/,jamendo_data/095_Antoniocamel-no_estoy_solo.mp3,"pop,ambient",https://www.jamendo.com/track/173257,25566,PERDIDOS,https://usercontent.jamendo.com?type=album&id=25566&width=300&trackid=173257,339831,2,http://creativecommons.org/licenses/by-nc-nd/3.0/,17204,10149,10,4,1,0,2,2
1928313,Rest Easy,Laurence DaNova,292,https://prod-1.storage.jamendo.com/?trackid=1928313&format=mp31&from=%2BAsPKFo8ztNFFKQvlwhKgg%3D%3D%7CE%2F6jHc2nRgRSvX%2FBwtY0kQ%3D%3D,https://prod-1.storage.jamendo.com/download/track/1928313/mp31/,jamendo_data/096_Laurence_DaNova-Rest_Easy.mp3,pop,https://www.jamendo.com/track/1928313,475515,Rest Easy,https://usercontent.jamendo.com?type=album&id=475515&width=300&trackid=1928313,544480,1,http://creativecommons.org/licenses/by-nc-nd/3.0/,28721,220200,138,82,0,0,8,1
1576494,Земля простит,Вадим Спирихин,367,https://prod-1.storage.jamendo.com/?trackid=1576494&format=mp31&from=5LpNmAfCP%2FSYMY6MR57odw%3D%3D%7CWkqq%2FJL%2FNpvEgxcj2lLMqQ%3D%3D,https://prod-1.storage.jamendo.com/download/track/1576494/mp31/,jamendo_data/097_Вадим_Спирихин-Земля_простит.mp3,pop,https://www.jamendo.com/track/1576494,179359,"Там,где кончается небо",https://usercontent.jamendo.com?type=album&id=179359&width=300&trackid=1576494,494084,10,http://creativecommons.org/licenses/by-nc-nd/3.0/,2451,88443,2,0,0,0,4,1
1578964,Этот город,Вадим Спирихин,249,https://prod-1.storage.jamendo.com/?trackid=1578964&format=mp31&from=qWvwdGaj3hDt3AmMYr31wQ%3D%3D%7CKDC0O7VRjwKz8zL16CcDjw%3D%3D,https://prod-1.storage.jamendo.com/download/track/1578964/mp31/,jamendo_data/098_Вадим_Спирихин-Этот_город.mp3,pop,https://www.jamendo.com/track/1578964,179583,Как молчит струна,https://usercontent.jamendo.com?type=album&id=179583&width=300&trackid=1578964,494084,4,http://creativecommons.org/licenses/by-nc-nd/3.0/,2764,11191,1,0,0,0,4,1
450530,Border Blaster,Josh Woodward,279,https://prod-1.storage.jamendo.com/?trackid=450530&format=mp31&from=jLWTit20IQuPVE7kiTyMAw%3D%3D%7CTKS0EqwX2ByeJWi0yvaQRA%3D%3D,https://prod-1.storage.jamendo.com/download/track/450530/mp31/,jamendo_data/099_Josh_Woodward-Border_Blaster.mp3,"pop,folk",https://www.jamendo.com/track/450530,54034,Breadcrumbs,https://usercontent.jamendo.com?type=album&id=54034&width=300&trackid=450530,7872,3,http://creativecommons.org/licenses/by/3.0/,46768,74421,849,428,0,0,6,1
1012294,Mandragora,OVERCOLORED,281,https://prod-1.storage.jamendo.com/?trackid=1012294&format=mp31&from=tyoET0pWdkvi1cc59HrOuA%3D%3D%7C5OiN9j9nNeaKM1Wk%2Fd9HKQ%3D%3D,https://prod-1.storage.jamendo.com/download/track/1012294/mp31/,jamendo_data/100_OVERCOLORED-Mandragora.mp3,pop,https://www.jamendo.com/track/1012294,119206,Mandragora,https://usercontent.jamendo.com?type=album&id=119206&width=300&trackid=1012294,367313,1,http://creativecommons.org/licenses/by-sa/2.5/pl/,15883,75172,66,33,7,0,8,2
